{
    "volatility_regime":0.0303201721,
    "rsi_14":0.0259572644,
    "macd_hist":0.0200578297,
    "dist_ema50":0.0162626696,
    "vol_lag3":0.0141715692,
    "lower_wick":0.0128557265,
    "dist_ema15":0.0111574982,
    "dist_smooth14":0.0108137002,
    "ema_cross":0.0106497193,
    "fast_pct_R":0.010377826,
    "vol_lag4":0.0102045752,
    "vol_momentum":0.0094162261,
    "di_diff":0.0092904191,
    "bb_width":0.0087300461,
    "gbp_cross_zscore":0.0087007073,
    "vol_lag2":0.0083841379,
    "vol_ratio":0.0082161323,
    "adx":0.0081402029,
    "atr_14":0.0076661676,
    "bb_position":0.0076282007,
    "vol_lag1":0.0072315612,
    "upper_wick":0.0063872345,
    "slow_pct_R":0.006363487,
    "close_return":0.0060090358,
    "low_return":0.0045949151,
    "gbp_rolling_corr_20":0.0042600806,
    "hl_spread":0.0039823299,
    "close_lag1":0.0039810807,
    "vol_return":0.0035421347,
    "dist_smooth35":0.0033547261,
    "high_return":0.0031174262,
    "gbp_return_spread":0.0030374675,
    "gbp_close_return":0.0028982888,
    "close_lag3":0.0026466972,
    "close_lag2":0.0022962884,
    "close_lag4":0.0020250287,
    "open_return":0.0019845161,
    "smooth_cross":0.0014086583
}