{
    "volatility_regime":0.3354916911,
    "vol_return":0.249415953,
    "vol_lag4":0.2247319114,
    "vol_lag1":0.1632372945,
    "vol_lag3":0.1492771063,
    "vol_ratio":0.1451996043,
    "vol_lag2":0.1323690238,
    "vol_momentum":0.1116604851,
    "fast_pct_R":0.0824257114,
    "bb_width":0.0722924717,
    "gbp_rolling_corr_20":0.0689925667,
    "hl_spread":0.06752254,
    "di_diff":0.0530669386,
    "macd_hist":0.0510053988,
    "open_return":0.0485884025,
    "dist_smooth14":0.0426260052,
    "upper_wick":0.0411188791,
    "atr_14":0.0385079179,
    "dist_ema50":0.0368620266,
    "bb_position":0.0332301085,
    "lower_wick":0.0327006346,
    "gbp_return_spread":0.0316108245,
    "gbp_cross_zscore":0.0307067704,
    "adx":0.0306760281,
    "slow_pct_R":0.0299355287,
    "high_return":0.0282224848,
    "smooth_cross":0.0275176505,
    "low_return":0.0273275292,
    "dist_smooth35":0.0234381822,
    "rsi_14":0.0222799842,
    "close_lag4":0.0200743488,
    "ema_cross":0.0195852775,
    "gbp_close_return":0.0193973548,
    "close_lag3":0.0169091143,
    "close_lag1":0.0158301623,
    "close_lag2":0.0142998772,
    "dist_ema15":0.0141349174,
    "close_return":0.0116909971
}