{
    "gap_atr_ratio":0.14890475,
    "close_in_bar":0.0039797201,
    "tod_sin":0.0035328386,
    "return_zscore_24":0.0031521527,
    "upper_wick":0.0028908201,
    "smooth_cross":0.0026420812,
    "volatility_regime":0.0025923127,
    "close_return":0.0024879145,
    "tod_cos":0.0017873382,
    "hl_spread":0.0017658714,
    "atr_14":0.001760486,
    "lower_wick":0.0017229023,
    "range_pos_24":0.0015925419,
    "body_to_range":0.0015397623,
    "dist_smooth14":0.0015359095,
    "vol_momentum":0.0014400091,
    "low_return":0.0014139637,
    "ema50_slope_5":0.0012615545,
    "dist_smooth35":0.0011970069,
    "cum_return_12":0.0011654816,
    "vol_ratio":0.0011368799,
    "cum_return_24":0.0011367238,
    "momentum_consistency_8":0.001127735,
    "rsi_14":0.0010819981,
    "open_return":0.0010814873,
    "return_accel_3_12":0.0010475308,
    "adx":0.001029222,
    "slow_pct_R":0.0009721714,
    "high_return":0.0009582693,
    "vol_adj_return_6":0.0009445097,
    "trend_pressure_8":0.0009413869,
    "dist_ema15":0.0009130106,
    "cum_return_6":0.000869147,
    "cum_return_3":0.0008428791,
    "dist_ema50":0.0008367144,
    "vol_return":0.000760949,
    "ema_cross":0.000723455,
    "breakout_dist_low_24":0.0007145884,
    "macd_hist":0.0006898784,
    "di_diff":0.0006265916,
    "fast_pct_R":0.0006242459,
    "bb_position":0.0005967172,
    "ema15_slope_3":0.0005252906,
    "bb_width":0.0004883333,
    "breakout_dist_high_24":0.0004278326
}