{
    "gap_atr_ratio":0.0332490726,
    "close_in_bar":0.0120220789,
    "tod_sin":0.0087229476,
    "smooth_cross":0.00674266,
    "close_return":0.0064640488,
    "volatility_regime":0.0064605556,
    "return_zscore_24":0.0063573273,
    "dist_smooth14":0.0061592406,
    "lower_wick":0.0042218293,
    "fast_pct_R":0.0031244756,
    "upper_wick":0.0025705988,
    "return_accel_3_12":0.0023224109,
    "di_diff":0.0022114228,
    "hl_spread":0.0015875203,
    "atr_14":0.0015084468,
    "tod_cos":0.0011480055,
    "cum_return_3":0.0010434332,
    "cum_return_12":0.0010215831,
    "vol_adj_return_6":0.000939243,
    "ema_cross":0.0007882939,
    "adx":0.0007795615,
    "ema50_slope_5":0.0007752498,
    "vol_momentum":0.0007705011,
    "open_return":0.0007521113,
    "vol_return":0.0007249616,
    "dist_smooth35":0.000654769,
    "dist_ema50":0.0005893562,
    "high_return":0.0004296937,
    "low_return":0.0001123524,
    "cum_return_24":0.000034908,
    "ema15_slope_3":-0.0000204193,
    "bb_position":-0.0000716325,
    "range_pos_24":-0.0000894188,
    "dist_ema15":-0.0001227048,
    "rsi_14":-0.0004509343,
    "trend_pressure_8":-0.0006458428,
    "macd_hist":-0.0011352492,
    "breakout_dist_low_24":-0.001193568,
    "body_to_range":-0.0013357584,
    "breakout_dist_high_24":-0.001395195,
    "bb_width":-0.0014314105,
    "cum_return_6":-0.0015879797,
    "vol_ratio":-0.0017073277,
    "momentum_consistency_8":-0.0026410435,
    "slow_pct_R":-0.0032970208
}