{    
    "gap_atr_ratio":0.0340350616,
    "close_in_bar":0.0119897261,
    "body_to_range":0.011170284,
    "return_zscore_24":0.0111314454,
    "tod_sin":0.0104620263,
    "close_return":0.0082652948,
    "smooth_cross":0.0066360988,
    "cum_return_12":0.0046758021,
    "atr_14":0.0044732518,
    "lower_wick":0.0044296391,
    "upper_wick":0.0041506675,
    "trend_pressure_8":0.0039375321,
    "dist_smooth14":0.0036584113,
    "fast_pct_R":0.0035173176,
    "hl_spread":0.0034208681,
    "rsi_14":0.0032355754,
    "vol_return":0.0026932543,
    "return_accel_3_12":0.0026592737,
    "tod_cos":0.0023406527,
    "macd_hist":0.0021241284,
    "high_return":0.0020361422,
    "bb_width":0.0017371925,
    "breakout_dist_high_24":0.0016763202,
    "volatility_regime":0.0015814757,
    "range_pos_24":0.0014166427,
    "vol_adj_return_6":0.0013317762,
    "breakout_dist_low_24":0.0012631044,
    "ema_cross":0.0011847817,
    "open_return":0.0011812045,
    "dist_smooth35":0.0008192009,
    "ema50_slope_5":0.000802009,
    "bb_position":0.0007442349,
    "cum_return_3":0.0007082091,
    "cum_return_6":0.0004788667,
    "cum_return_24":0.0004650836,
    "momentum_consistency_8":0.0004055101,
    "dist_ema15":0.0003393135,
    "di_diff":0.0002725682,
    "adx":0.0002078178,
    "slow_pct_R":0.0000794033,
    "vol_momentum":-0.0000633126,
    "ema15_slope_3":-0.0002509409,
    "low_return":-0.0003651615,
    "dist_ema50":-0.0004460518,
    "vol_ratio":-0.0004529043
}