{
    "gap_atr_ratio":0.2108042118,
    "tod_sin":0.0101721107,
    "close_in_bar":0.0062663401,
    "return_zscore_24":0.0056036617,
    "volatility_regime":0.0051827275,
    "upper_wick":0.0048909459,
    "smooth_cross":0.0045947068,
    "close_return":0.0045801665,
    "lower_wick":0.0042047709,
    "range_pos_24":0.0040964693,
    "atr_14":0.0040019927,
    "hl_spread":0.003935812,
    "slow_pct_R":0.0038456078,
    "dist_smooth14":0.0037432479,
    "open_return":0.0028203734,
    "cum_return_24":0.0027100811,
    "vol_ratio":0.0026587644,
    "vol_momentum":0.0026253222,
    "trend_pressure_8":0.0024335171,
    "macd_hist":0.0022631754,
    "tod_cos":0.0020740267,
    "di_diff":0.002051264,
    "body_to_range":0.0019971563,
    "cum_return_12":0.0019076549,
    "momentum_consistency_8":0.0019064904,
    "ema50_slope_5":0.0018901336,
    "adx":0.0018057176,
    "high_return":0.0018052381,
    "return_accel_3_12":0.0017360931,
    "vol_adj_return_6":0.0016039236,
    "dist_ema15":0.0015304552,
    "low_return":0.0015087931,
    "bb_position":0.0014633567,
    "dist_smooth35":0.0014071582,
    "rsi_14":0.0013788932,
    "fast_pct_R":0.0012732685,
    "cum_return_6":0.0012488198,
    "cum_return_3":0.0012023969,
    "ema_cross":0.0011966157,
    "bb_width":0.0010133306,
    "dist_ema50":0.0009469037,
    "ema15_slope_3":0.0009461722,
    "breakout_dist_low_24":0.000876086,
    "breakout_dist_high_24":0.0008338917,
    "vol_return":0.0008273953
}