{
    "gap_atr_ratio":0.3231806667,
    "direction":0.0386215168,
    "tod_sin":0.0241279364,
    "hl_spread":0.0153289174,
    "close_in_bar":0.0120639005,
    "volatility_regime":0.0110727327,
    "low_return":0.0107751872,
    "return_zscore_24":0.0101995805,
    "high_return":0.009404074,
    "body_to_range":0.0090481491,
    "lower_wick":0.0086867041,
    "vol_ratio":0.0082058925,
    "momentum_consistency_8":0.0081188027,
    "upper_wick":0.0077410168,
    "close_return":0.0074015381,
    "atr_14":0.0070212179,
    "breakout_dist_low_24":0.0068322022,
    "smooth_cross":0.0064814901,
    "tod_cos":0.0062126198,
    "di_diff":0.0059273889,
    "dist_smooth14":0.005482707,
    "range_pos_24":0.0048257189,
    "rsi_14":0.0047820652,
    "trend_pressure_8":0.0046770167,
    "cum_return_12":0.0045735288,
    "vol_momentum":0.004269216,
    "dist_smooth35":0.0042551954,
    "open_return":0.0040351217,
    "cum_return_3":0.0037528581,
    "vol_adj_return_6":0.0034702091,
    "dist_ema15":0.0034241704,
    "bb_position":0.0034041863,
    "breakout_dist_high_24":0.0033451571,
    "return_accel_3_12":0.0032475897,
    "ema50_slope_5":0.0031909121,
    "ema_cross":0.0031888767,
    "bb_width":0.0031098453,
    "dist_ema50":0.0030456326,
    "macd_hist":0.0029907933,
    "close_lag2":0.0028753034,
    "close_lag4":0.0027049709,
    "cum_return_6":0.0026860353,
    "close_lag3":0.0023520177,
    "cum_return_24":0.0023068927,
    "vol_lag4":0.0020430691,
    "close_lag1":0.0019916416,
    "slow_pct_R":0.001848902,
    "ema15_slope_3":0.0017429951,
    "vol_lag3":0.0017318211,
    "vol_return":0.0017002143,
    "adx":0.0015930753,
    "fast_pct_R":0.0012227674,
    "vol_lag1":0.0010183434,
    "vol_lag2":0.0008796095
}