{
    "tod_sin":0.0284037142,
    "cum_return_3":0.0084826459,
    "volatility_regime":0.0083790198,
    "dist_ema50":0.0079323514,
    "fast_pct_R":0.0066704919,
    "bb_width":0.005070757,
    "breakout_dist_low_24":0.0050426438,
    "dist_ema15":0.0046264998,
    "ema15_slope_3":0.0043320678,
    "tod_cos":0.0040050317,
    "ema_cross":0.0032853765,
    "rsi_14":0.0028014066,
    "macd_hist":0.0027659027,
    "trend_pressure_8":0.0025121133,
    "low_return":0.0024851103,
    "momentum_consistency_8":0.0024576943,
    "cum_return_24":0.0018587547,
    "breakout_dist_high_24":0.0014333776,
    "return_zscore_24":0.0012059983,
    "cum_return_12":0.0012057728,
    "vol_return":0.0011893097,
    "vol_ratio":0.0006606982,
    "vol_momentum":0.0006502636,
    "adx":0.0001048149,
    "return_accel_3_12":-0.0000147344,
    "smooth_cross":-0.0000423547,
    "lower_wick":-0.0000714757,
    "open_return":-0.0001603249,
    "ema50_slope_5":-0.0003307916,
    "close_in_bar":-0.0005480395,
    "dist_smooth35":-0.0005525974,
    "atr_14":-0.0006387415,
    "di_diff":-0.0007980638,
    "close_return":-0.0013493754,
    "dist_smooth14":-0.0014353833,
    "slow_pct_R":-0.0016837441,
    "hl_spread":-0.0024035216,
    "zone_size_atr_ratio":-0.0026751592,
    "body_to_range":-0.0028904647,
    "upper_wick":-0.0029843364,
    "range_pos_24":-0.0032922101,
    "vol_adj_return_6":-0.0034682625,
    "candles_elapsed":-0.0035995866,
    "impulse_atr_ratio":-0.0037626849,
    "cum_return_6":-0.0049514256,
    "bb_position":-0.0050199023,
    "high_return":-0.0051574546
}