{
    "tod_cos":0.0181175266,
    "volatility_regime":0.0116357256,
    "bb_width":0.0062904049,
    "tod_sin":0.0058819359,
    "candles_elapsed":0.0054596442,
    "macd_hist":0.0030669544,
    "cum_return_12":0.0030520719,
    "di_diff":0.0026212925,
    "breakout_dist_low_24":0.0022060929,
    "dist_ema50":0.001796043,
    "body_to_range":0.0013185971,
    "adx":0.0012935557,
    "vol_adj_return_6":0.0012929104,
    "ema50_slope_5":0.0012403836,
    "ema_cross":0.0011445499,
    "open_return":0.0009916207,
    "close_return":0.0009024316,
    "smooth_cross":0.000766811,
    "ema15_slope_3":0.0006133424,
    "slow_pct_R":0.0005953659,
    "close_in_bar":0.0005896866,
    "upper_wick":0.000486092,
    "impulse_atr_ratio":0.0004616904,
    "bb_position":0.000403371,
    "dist_smooth14":0.000275765,
    "cum_return_3":0.000254925,
    "high_return":0.0002522669,
    "lower_wick":0.0002065419,
    "rsi_14":0.0002065105,
    "vol_return":-0.0000534822,
    "zone_size_atr_ratio":-0.000088011,
    "return_accel_3_12":-0.0001111738,
    "vol_momentum":-0.0001526937,
    "cum_return_24":-0.0001658488,
    "hl_spread":-0.0003042074,
    "low_return":-0.0003477559,
    "dist_ema15":-0.0006299581,
    "cum_return_6":-0.0008372625,
    "trend_pressure_8":-0.0008585922,
    "return_zscore_24":-0.0009563339,
    "momentum_consistency_8":-0.0010100198,
    "dist_smooth35":-0.0011679074,
    "atr_14":-0.0014888536,
    "vol_ratio":-0.0015041141,
    "breakout_dist_high_24":-0.001536863,
    "range_pos_24":-0.0015645828,
    "fast_pct_R":-0.0031362573
}