{
    "zone_size_atr_ratio":0.0672265266,
    "candles_elapsed":0.0540870165,
    "tod_sin":0.018447012,
    "impulse_atr_ratio":0.0135615448,
    "direction":0.0078523997,
    "volatility_regime":0.0060379095,
    "upper_wick":0.0058779887,
    "trend_pressure_8":0.0047754041,
    "momentum_consistency_8":0.004325893,
    "di_diff":0.004240957,
    "bb_width":0.0040573176,
    "bb_position":0.003983728,
    "close_return":0.0039531515,
    "vol_adj_return_6":0.0039023547,
    "lower_wick":0.0034709286,
    "tod_cos":0.00325359,
    "dist_smooth35":0.0032498523,
    "hl_spread":0.0029704593,
    "macd_hist":0.0029649356,
    "cum_return_24":0.0029629301,
    "close_in_bar":0.0024886481,
    "return_zscore_24":0.0024737948,
    "slow_pct_R":0.0023983471,
    "dist_smooth14":0.0021380584,
    "range_pos_24":0.0021319392,
    "cum_return_3":0.0021278944,
    "breakout_dist_low_24":0.002027323,
    "body_to_range":0.0019898136,
    "smooth_cross":0.0018862569,
    "cum_return_6":0.0018753128,
    "high_return":0.0018128463,
    "cum_return_12":0.001756546,
    "open_return":0.0017232007,
    "breakout_dist_high_24":0.0017142778,
    "dist_ema50":0.0017104163,
    "ema15_slope_3":0.0016187913,
    "dist_ema15":0.0015682771,
    "atr_14":0.0015378086,
    "fast_pct_R":0.0015192398,
    "return_accel_3_12":0.0015124932,
    "low_return":0.0014136303,
    "rsi_14":0.001390751,
    "vol_return":0.0013894137,
    "ema50_slope_5":0.0013635376,
    "adx":0.0013191501,
    "ema_cross":0.0012889693,
    "vol_momentum":0.0012791675,
    "vol_ratio":0.0007366444
}