{
    "hl_spread":0.2226614072,
    "dist_smooth14":0.1561192834,
    "atr_14":0.1233797878,
    "volatility_regime":0.1205136979,
    "dist_smooth35":0.1108950236,
    "close_in_bar":0.1044417644,
    "return_zscore_24":0.0941253994,
    "tod_sin":0.091313273,
    "breakout_dist_high_24":0.0837406739,
    "vol_ratio":0.0732115224,
    "gap_atr_ratio":0.0665667117,
    "lower_wick":0.0638928689,
    "bb_position":0.0509914201,
    "close_return":0.0478784619,
    "breakout_dist_low_24":0.0477286654,
    "upper_wick":0.045316585,
    "range_pos_24":0.0452622541,
    "vol_adj_return_6":0.0433631477,
    "body_to_range":0.0366406276,
    "close_lag1":0.0356892784,
    "vol_return":0.0355912683,
    "tod_cos":0.0335559073,
    "return_accel_3_12":0.027993734,
    "open_return":0.0277648884,
    "vol_lag3":0.0263251196,
    "cum_return_3":0.0251699491,
    "fast_pct_R":0.0227026449,
    "bb_width":0.0217161517,
    "close_lag2":0.018989788,
    "adx":0.0175485839,
    "smooth_cross":0.0162619947,
    "macd_hist":0.0121777315,
    "vol_lag4":0.012067817,
    "momentum_consistency_8":0.0119757606,
    "vol_momentum":0.0110066863,
    "dist_ema50":0.0105858042,
    "trend_pressure_8":0.0104859603,
    "close_lag3":0.0103827949,
    "vol_lag1":0.0082103078,
    "ema_cross":0.0079520434,
    "ema15_slope_3":0.0074632131,
    "dist_ema15":0.0074279983,
    "ema50_slope_5":0.0067076523,
    "cum_return_6":0.0062977377,
    "close_lag4":0.0059137595,
    "slow_pct_R":0.0058389276,
    "cum_return_24":0.0057319616,
    "vol_lag2":0.0053018698,
    "high_return":0.0039754682,
    "low_return":0.0038407368,
    "rsi_14":0.0026819109,
    "cum_return_12":0.0025339835,
    "direction":0.0020620499,
    "di_diff":0.0010746517
}