{
    "max_depth":5.0,
    "learning_rate":0.1382071231,
    "subsample":0.7459273714,
    "colsample_bytree":0.730383359,
    "min_child_weight":14.0,
    "reg_alpha":9.0,
    "reg_lambda":9.0
}