{
    "volatility_regime": 0.021694314042337376,
    "vol_momentum": 0.018349649246538025,
    "vol_ratio": 0.017260961475318998,
    "bb_width": 0.003861903379478354,
    "lower_wick": 0.0029021549787774993,
    "hl_spread": 0.002365793683352635,
    "bb_position": 0.001892563665077568,
    "low_return": 0.0016284660077430068,
    "upper_wick": 0.0016283130258050726,
    "di_diff": 0.0014858618672264402,
    "close_return": 0.0012252051291765098,
    "vol_lag2": 0.0008608241774759439,
    "vol_return": 0.0008262936469790206,
    "close_lag1": 0.000816085101698999,
    "adx": 0.0007572926280507486,
    "vol_lag4": 0.0006517305157574648,
    "rsi_14": 0.0005867042207289619,
    "atr_14": 0.0004910735975894309,
    "close_lag4": 0.00034250699581852564,
    "high_return": 0.0003335689937774389,
    "ema_cross": 0.0002258459374987587,
    "vol_lag3": 0.00016191821001769745,
    "dist_ema50": 0.00010951438519214429,
    "smooth_cross": 2.9928217373637044e-05,
    "dist_ema15": -0.00010612533247413846,
    "slow_pct_R": -0.00016197303925524764,
    "vol_lag1": -0.00016835424249359577,
    "dist_smooth14": -0.00018927937013838437,
    "fast_pct_R": -0.0004248340531903261,
    "dist_smooth35": -0.0005608247047087401,
    "close_lag3": -0.0008256461426104367,
    "macd_hist": -0.0009491012560245482,
    "open_return": -0.0011438640910970855,
    "close_lag2": -0.0018862986138886428
}